Variant,Time,Mean_RFP,Mean_GFP,Mean_Ratio,Mean_SSC,Mean_FSC,sd_RFP,sd_GFP,sd_Ratio,sd_SSC,sd_FSC,v_RFP,v_GFP,v_Ratio,rv_RFP,rv_GFP,rv_Ratio
57G1,-20,779.8142713,1530.205466,2.876106237,199862.413,2690.21002,515.8576071,1072.564816,3.543881375,37997.55147,613.9211378,266109.0708,1150395.284,12.5590952,341.2467309,751.7913837,4.366700728
57G1,0,764.1517894,1357.047717,2.797803744,196596.2057,2608.065817,609.0673667,1549.364554,4.782260338,30563.34349,527.0971492,370963.0572,2400530.521,22.87001394,485.4572905,1768.935971,8.174273835
57G1,2,746.9397539,1364.227408,2.869698999,195678.2758,2635.54179,469.2129059,844.111714,4.268266848,29015.36258,502.440295,220160.751,712524.5858,18.21810189,294.7503462,522.2916515,6.348436506
57G1,5,775.8946921,1386.225902,2.832412767,196127.9592,2579.92017,613.5411976,871.6942272,4.244531225,29407.25685,565.4225685,376432.8011,759850.8258,18.01604532,485.159655,548.1435778,6.360670849
57G1,10,783.907351,1477.040887,3.028264358,195455.2762,2593.100043,559.7046612,852.6959652,6.299137282,29808.1779,1127.912653,313269.3078,727090.4091,39.6791305,399.6254243,492.2615314,13.10292822
57G1,15,819.1699958,1661.080323,3.041271642,195500.8789,2495.441139,510.3453904,958.8630899,4.760291985,30793.06682,457.1924769,260452.4175,919418.4251,22.66037978,317.9467252,553.5063009,7.450955539
57G1,20,924.244323,2005.111438,3.184011999,195316.1581,2592.724558,1028.611704,1012.106149,4.602700035,29290.16836,653.5888384,1058042.038,1024358.856,21.18484761,1144.764444,510.8737783,6.653507467
57G1,25,1047.961474,2478.097152,3.071631243,193889.34,2539.686767,609.1723115,1338.197007,2.66755028,28833.82176,473.3562619,371090.9051,1790771.229,7.115824494,354.1073926,722.6396379,2.316627203
57G1,30,1154.004119,2894.684102,3.585476267,193465.1466,2550.019769,686.9795112,1519.038113,6.804134795,29592.97007,559.9037342,471940.8488,2307476.789,46.29625031,408.9594146,797.1428686,12.91216197
57G1,40,1495.319427,4078.878213,3.459513325,192758.8302,2663.276022,804.9422627,1658.086188,3.093568748,28350.78755,590.4652709,647932.0463,2749249.807,9.570167599,433.3067803,674.0210575,2.766333498
57G1,50,1894.411959,5408.750515,3.338913584,194165.6016,2627.406598,1006.623955,2472.074429,1.96112097,30324.50019,1272.976219,1013291.786,6111151.98,3.845995458,534.8846017,1129.863905,1.15187032
57G1,60,2246.73725,6566.572011,3.36763268,194131.3488,2572.128111,1201.785282,3132.846172,1.929992823,29624.40312,616.8520002,1444287.865,9814725.138,3.724872297,642.8379041,1494.649738,1.106080339
57G1,70,2477.435014,7317.931939,3.34547875,194752.2886,2528.398524,1379.595876,3688.103323,1.599242783,30989.96237,685.6520308,1903284.78,13602106.12,2.557577478,768.248115,1858.736352,0.764487737
57G1,80,2786.63193,8248.997082,3.247543603,193966.6861,2598.154648,1426.636699,3944.096245,1.257681406,31121.38816,562.2662478,2035292.272,15555895.19,1.58176252,730.3771445,1885.792302,0.48706429
57G1,90,3099.271111,8985.688889,3.171173898,193384.1584,2605.447273,1606.770909,4489.654259,1.448207081,29613.12184,562.9028377,2581712.754,20156995.37,2.097303749,833.0064268,2243.23317,0.661365102
57G1,100,3456.933074,10032.89728,3.161375499,192872.193,2626.049416,1803.544665,5118.400722,1.441027649,29335.24181,652.4294463,3252773.36,26198025.95,2.076560684,940.9419537,2611.212417,0.656853539
57G1,115,3893.809304,11321.9877,3.084593216,191642.722,2646.366013,2115.755425,6236.98442,1.081252573,29292.82766,664.9349764,4476421.018,38899974.65,1.169107127,1149.625128,3435.790224,0.37901501
57G1,120,4199.093293,12162.81229,3.080187705,189542.4384,2598.578868,2148.805743,6311.436844,1.091336584,26550.81564,653.441378,4617366.121,39834235.04,1.19101554,1099.610273,3275.084256,0.386669792
57G1,150,4687.962949,12987.689,2.919286125,189338.8263,2682.514596,2565.644224,7510.263907,0.938835911,27063.27913,645.0961269,6582530.286,56404063.96,0.881412869,1404.134452,4342.886865,0.301927537
57G1,180,6348.292762,17466.61757,2.857952411,186004.4192,2795.016205,3036.436568,8586.986838,0.841270381,23474.23049,939.4554895,9219947.028,73736342.95,0.707735854,1452.350636,4221.558218,0.247637382
57G1,210,7099.249282,19084.02263,2.769924415,186423.908,2787.740661,3661.175096,10344.01427,0.768881168,24908.51976,1417.627597,13404203.09,106998631.2,0.59117825,1888.115568,5606.712653,0.213427575
57G1,240,7832.061702,20674.74716,2.692528354,185105.7929,2805.958156,4156.252629,11795.97406,0.739226064,22769.54879,1403.825845,17274435.91,139145004.1,0.546455174,2205.605187,6730.19133,0.202952431
57G1,1600,15552.63878,16383.82843,1.016833958,181211.3378,2860.849344,7004.179127,10904.71079,0.562518626,10131.67801,1527.444287,49058525.25,118912717.4,0.316427204,3154.353801,7257.932288,0.311188667
57G2,-20,784.8729309,1450.703019,2.970836446,201182.5979,2890.704966,590.9182531,1288.866584,5.571634277,38171.44994,878.698787,349184.3818,1661177.07,31.04310852,444.892884,1145.084176,10.44928224
57G2,0,740.9423868,1276.155144,2.648085731,195192.0988,2649.992181,605.342034,1184.773628,3.670680632,28437.44473,715.6489651,366438.9782,1403688.549,13.4738963,494.5579908,1099.935658,5.088164685
57G2,2,762.9813163,1333.93121,2.762993842,195621.8293,2712.589384,630.4972964,1495.404001,5.045124144,29399.11647,612.4069787,397526.8408,2236233.125,25.45327763,521.017792,1676.423123,9.212209323
57G2,5,747.0434405,1284.648132,2.781240823,195506.5995,2676.754561,586.9143213,929.4941363,4.260386578,29969.03186,689.4498567,344468.4205,863959.3494,18.15089379,461.1089555,672.5260621,6.526185593
57G2,10,844.0749786,1367.281063,2.799423013,194059.8458,2617.934876,4267.142263,842.0155033,5.084874311,27808.19833,599.0206231,18208503.09,708990.1079,25.85594676,21572.13939,518.5401358,9.236169968
57G2,15,792.4810396,1532.396251,3.09332943,196552.1534,2594.742224,1044.357735,1110.656275,6.878391181,30970.51921,610.4645776,1090683.078,1233557.36,47.31226524,1376.289178,804.9858905,15.29493263
57G2,20,867.5473993,1833.598574,3.166458442,195389.8523,2662.964765,613.9385467,1112.611307,4.444825116,30348.36076,1091.547497,376920.5391,1237903.921,19.75647031,434.4667961,675.1226459,6.239295627
57G2,25,980.5982256,2230.075201,3.35876368,194489.9163,2647.022391,577.3854158,1088.703762,5.093836676,29259.17519,562.2259076,333373.9184,1185275.882,25.94717208,339.9699384,531.4959251,7.725215155
57G2,30,1075.530638,2636.538141,3.438547203,194613.7824,2618.134639,740.6726789,1860.202002,4.43284826,29412.4535,607.3009593,548596.0173,3460351.488,19.6501437,510.0700975,1312.460243,5.714664518
57G2,40,1429.159543,3775.878967,3.328225091,193708.0389,2730.567076,793.1754509,1684.053539,3.567172744,29479.44883,795.2281536,629127.2959,2836036.321,12.72472139,440.2078823,751.0930157,3.823275481
57G2,50,1780.688274,4997.682907,3.371060082,192309.0603,2748.971098,956.0311386,2272.061147,2.431914982,28107.77777,757.9093465,913995.5381,5162261.854,5.914210479,513.2821681,1032.93105,1.754406725
57G2,60,2161.596266,6166.870954,3.284598646,193936.2523,2677.451867,1150.247722,2751.193731,1.76234243,29383.79786,719.284596,1323069.822,7569066.947,3.105850842,612.0799904,1227.375601,0.945580017
57G2,70,2497.497728,7211.88228,3.25435809,194542.2354,2649.86204,1373.980446,3838.591731,1.677669334,29924.60284,923.2383139,1887822.267,14734786.48,2.814574393,755.885479,2043.126316,0.864863151
57G2,80,2773.807328,7962.45492,3.17314265,194584.4512,2640.685879,1425.897338,3847.682932,1.336990885,30672.29589,911.1418143,2033183.22,14804663.95,1.787544627,732.9936724,1859.308981,0.563335729
57G2,90,3067.807692,8549.783401,3.043220732,194259.8478,2670.824696,1573.562473,4218.67853,1.22424795,30425.83698,691.2552922,2476098.856,17797248.54,1.498783044,807.1232308,2081.602271,0.492498959
57G2,100,3329.990111,9262.957278,3.010484997,193723.9494,2674.326741,1673.722981,4547.848413,1.169493088,30321.58618,962.986903,2801348.616,20682925.18,1.367714082,841.2483289,2232.864145,0.454316857
57G2,115,3735.893916,10357.47452,2.987686529,191294.1019,2742.988593,1825.819242,4968.824672,1.165209286,27130.71146,891.0720981,3333615.904,24689218.62,1.35771268,892.3208149,2383.710292,0.454436122
57G2,120,3989.1495,11186.94581,3.012483412,191332.9439,2722.547271,2060.523558,6050.45878,1.198700965,27545.07846,746.5270432,4245757.334,36608051.45,1.436884003,1064.326452,3272.390165,0.476976569
57G2,150,5003.397599,13474.07539,2.838136552,188277.7254,2783.036384,2559.839822,7329.412619,0.969579073,25980.96279,907.9492918,6552779.915,53720289.34,0.940083579,1309.666039,3986.936971,0.331232681
57G2,180,6075.670537,16074.79826,2.780160913,187900.2845,2885.832003,3140.290899,8894.721681,0.891566379,25849.75987,1092.046577,9861426.927,79116073.79,0.794890607,1623.101001,4921.745985,0.285915324
57G2,210,7111.607117,18521.1398,2.685925275,186342.716,2868.921206,3432.246229,9827.078831,0.798198286,24859.09028,1061.628339,11780314.17,96571478.36,0.637120503,1656.491139,5214.121777,0.237207084
57G2,240,7763.915954,19554.58796,2.591684618,186551.7949,2876.780983,3888.814907,10688.61953,0.863259925,24914.43711,1125.128214,15122881.38,114246587.4,0.745217699,1947.841975,5842.444117,0.287541815
57G2,1600,16625.22234,17873.23507,1.063392661,180729.3036,3059.019795,7499.525602,11116.7001,0.522322415,9901.555004,1898.885241,56242884.26,123581021.1,0.272820705,3382.985389,6914.306259,0.256556882
57C1,0,1133.742336,2707.648639,3.133400899,185829.721,2679.083018,1085.487278,3332.963922,4.012578626,9974.630572,726.0784704,1178282.631,11108648.5,16.10078723,1039.286083,4102.692034,5.138438313
57C1,2,1134.673611,2770.036806,3.255694019,185328.3556,2648.026389,1207.435052,3462.358074,4.23828003,9378.813005,925.6641062,1457899.406,11987923.43,17.96301761,1284.862353,4327.712689,5.517415797
57C1,5,1135.995861,2797.626078,3.255349225,185330.2242,2623.985857,1095.542327,3502.921689,4.24266259,9256.594109,952.1977452,1200212.99,12270460.36,18.00018585,1056.529369,4386.025872,5.529417771
57C1,10,1119.657202,2707.71194,3.204960907,186420.5488,2554.68115,1056.310428,3336.43611,3.880152193,9890.245805,526.6160496,1115791.72,11131805.92,15.05558104,996.5476202,4111.148514,4.697586485
57C1,15,1200.734861,2967.856654,3.228559576,186783.4855,2569.923366,1536.243898,5070.852889,4.308179475,9764.162948,1111.860796,2360045.313,25713549.02,18.56041039,1965.500785,8664.013131,5.748820782
57C1,20,1273.80688,3218.839578,3.317781111,186201.9837,2524.510218,1790.554206,5626.044501,4.316254171,9726.220087,591.6108445,3206084.366,31652376.73,18.63005007,2516.931268,9833.474445,5.615213736
57C1,25,1290.602323,3333.474547,3.364620204,186137.8012,2551.595832,1097.108382,3390.299689,4.595341079,9960.411435,1141.33398,1203646.801,11494131.98,21.11715963,932.6240778,3448.09352,6.276238729
57C1,30,1384.350068,3648.177596,3.351214387,185495.082,2534.193648,1248.490973,3753.598761,7.411802384,9819.168298,566.2713773,1558729.71,14089503.66,54.93481458,1125.96499,3862.066276,16.39250977
57C1,40,1597.250681,4286.746935,3.229014818,185695.564,2598.769074,1349.714256,3975.060622,1.979614254,9978.514467,610.7264815,1821728.572,15801106.95,3.918872595,1140.540175,3686.036798,1.213643423
57C1,60,2088.054972,5585.535364,3.072246339,193411.2269,2443.156162,1209.872344,3217.460211,1.746920478,21601.66579,725.9596546,1463791.088,10352050.21,3.051731155,701.0309152,1853.367589,0.993322416
57C1,70,2462.381722,6601.182425,2.961312494,193721.3638,2422.63058,2077.292299,6353.658964,1.357707569,22210.8806,619.6915244,4315143.296,40368982.23,1.843369842,1752.426627,6115.41685,0.622484066
57C1,80,2717.040127,6849.804998,2.780214543,193199.7128,2464.231609,1553.167419,4077.376221,1.215036707,21875.42283,909.3919021,2412329.032,16624996.85,1.4763142,887.8518239,2427.075931,0.531007294
57C1,90,3021.350804,7388.815863,2.655730232,192131.3096,2473.65304,1868.163571,5233.435107,1.105227308,21549.07957,812.8228648,3490035.128,27388843.02,1.221527402,1155.1241,3706.797344,0.459959143
57C1,100,3337.445324,7783.910791,2.52614761,192072.9324,2512.405036,1665.485731,4109.713904,1.014611015,20741.14177,499.8778519,2773842.721,16889748.37,1.029435511,831.1275399,2169.828101,0.407512018
57C1,110,3823.155626,8551.43428,2.392461694,190645.6137,2475.766211,2214.79609,6131.51954,0.94176266,22135.3247,839.2432248,4905321.72,37595531.87,0.886916908,1283.055727,4396.400726,0.370713107
57C1,120,4273.393726,9197.811068,2.292890129,188830.3645,2533.369757,2436.891405,6509.298131,0.859667836,20191.12221,878.1308134,5938439.722,42370962.16,0.739028789,1389.630842,4606.63541,0.322313215
57C1,150,5797.353433,10513.37226,1.92878172,188011.9679,2563.029976,2684.803137,5759.486717,0.741337342,19621.24217,678.0829918,7208167.883,33171687.24,0.549581055,1243.354915,3155.190022,0.284936885
57C1,180,7540.738386,11912.2204,1.662945495,187643.4397,2558.407265,3428.229037,6661.834384,0.632029273,20123.12748,659.6622039,11752754.33,44380037.36,0.399461002,1558.568104,3725.589006,0.240212925
57C1,210,9323.558533,13504.97214,1.514341832,186380.9986,2569.483427,5119.924276,8771.727665,0.56177326,18567.34953,866.3863051,26213624.59,76943206.23,0.315589196,2811.547168,5697.398366,0.208400236
57C1,240,10488.84417,14363.39647,1.424143676,186957.0714,2571.132509,5039.78254,8352.962905,0.531998798,20882.02955,1490.464134,25399408.05,69771989.3,0.283022721,2421.564058,4857.624689,0.19873186
57C1,1600,18802.70435,13167.22573,0.681438069,190441.913,2787.854593,8356.264279,9284.342158,0.410180616,28210.06631,1169.979815,69827152.7,86199009.3,0.168248138,3713.676044,6546.482231,0.246901583
57C2,0,850.6181419,1722.949159,3.200463951,188853.466,2672.170812,869.4084727,2360.764049,6.225015795,10878.78222,1250.544715,755871.0923,5573206.896,38.75082164,888.6138857,3234.69028,12.10787631
57C2,2,849.4862513,1804.205708,3.076178285,187610.4866,2603.973895,865.7003963,2341.190078,4.20506675,10244.53082,1310.534451,749437.1761,5481170.981,17.68258637,882.2240206,3037.996696,5.748231973
57C2,5,875.9574247,1839.862582,3.029740092,187056.3378,2571.836968,659.4005577,1534.495865,4.997019813,9804.298831,884.2710056,434809.0955,2354677.559,24.97020701,496.38154,1279.811646,8.241699371
57C2,10,877.6910265,1818.909925,3.032778606,187729.6207,2558.85758,643.5808989,1452.994157,4.252314373,9964.757784,607.7067812,414196.3734,2111192.021,18.08217753,471.9159259,1160.690803,5.962247785
57C2,15,906.8953006,1942.914651,3.065701749,187290.803,2523.904976,914.8373858,2879.303575,4.275527664,10603.19263,784.9596815,836927.4425,8290389.074,18.28013681,922.8490234,4266.985722,5.962790351
57C2,20,922.9839864,2024.642589,3.027150755,186329.6218,2563.765247,919.1962651,2761.744816,3.686793372,9709.73096,556.6237359,844921.7738,7627234.426,13.59244537,915.4240878,3767.200426,4.490177882
57C2,25,978.5667808,2248.211644,3.151698423,186292.2521,2611.77089,761.8515326,1954.099025,4.015873575,10019.63907,532.8464025,580417.7578,3818503.001,16.12724057,593.1304528,1698.462425,5.116999917
57C2,30,1045.158741,2519.991447,3.348061245,186472.3969,2624.374957,754.789542,1871.336576,4.128655315,9738.896771,522.0498411,569707.2527,3501900.581,17.04579471,545.0916022,1389.647804,5.091243398
57C2,40,1045.158741,2519.991447,3.348061245,186472.3969,2624.374957,754.789542,1871.336576,4.128655315,9738.896771,522.0498411,569707.2527,3501900.581,17.04579471,545.0916022,1389.647804,5.091243398
57C2,60,1857.846288,4851.08679,3.04269191,193761.2158,2448.69885,930.1865688,2113.455975,1.815148933,21210.49861,707.1697976,865247.0527,4466696.159,3.29476565,465.725856,920.7619556,1.082845634
57C2,70,2215.202389,5752.61806,2.944365007,193634.5861,2476.984188,1077.4921,2560.237962,1.497730583,21570.11361,547.5385715,1160989.226,6554818.42,2.243196898,524.1007465,1139.449612,0.76186101
57C2,80,2516.961525,6444.615955,2.864240061,192507.6625,2463.055065,1205.885967,2867.592452,1.418571716,20976.86057,567.4830846,1454160.964,8223086.469,2.012345713,577.7446138,1275.962218,0.702575786
57C2,90,2929.469083,7417.060412,2.745475512,191477.0832,2486.808458,1509.379793,3993.564744,1.060972856,20073.25627,800.9900698,2278227.36,15948559.36,1.1256634,777.6929183,2150.253399,0.410006717
57C2,100,3307.36721,8056.386686,2.631618414,191074.6289,2511.279391,1669.9242,4587.371814,1.111445873,20994.17675,785.7725798,2788646.834,21043980.16,1.235311929,843.162146,2612.086656,0.469411493
57C2,110,3677.012242,8748.676111,2.554022753,190321.4495,2479.877929,1890.206232,5006.584061,0.998527022,20579.97572,507.2984432,3572879.599,25065883.96,0.997056213,971.6800933,2865.105948,0.390386582
57C2,120,4089.372044,9562.523473,2.491761774,189162.0417,2550.394988,2136.79888,5294.959319,0.924912783,20926.6748,1158.358291,4565909.452,28036594.19,0.855463656,1116.530705,2931.924222,0.343316791
57C2,150,5439.883656,11157.25202,2.172444062,188207.2408,2556.119508,2512.99307,5750.791632,0.814076071,19449.00377,601.8714763,6315134.171,33071604.39,0.66271985,1160.89508,2964.135284,0.305057268
57C2,180,7084.538515,13417.66667,1.986802952,186376.605,2606.494748,3228.253037,7427.463144,0.736407266,19031.23729,743.3552019,10421617.67,55167208.75,0.542295661,1471.036914,4111.535196,0.27294889
57C2,210,8560.016491,14996.3414,1.81418614,186405.367,2666.845263,4399.218722,8563.523157,0.625715068,19935.23744,1569.101458,19353125.37,73333928.87,0.391519346,2260.874776,4890.121323,0.215809909
57C2,240,9582.142458,15921.71718,1.703383009,186137.743,2600.096718,4332.322956,8889.832522,0.593133353,20934.20034,985.8983262,18769022.19,79029122.27,0.351807175,1958.750068,4963.605457,0.206534393
57C2,1600,18700.90849,17077.28007,0.948291151,186963.507,3228.438007,11418.2131,10962.23388,0.438698738,24651.51123,2785.309873,130375590.4,120170571.6,0.192456582,6971.618011,7036.868348,0.202950942
57P1,0,898.4374057,1912.553922,3.08172803,192417.7858,2516.620287,603.7614963,1272.08986,4.814771865,26212.7869,827.5871827,364527.9444,1618212.613,23.18202811,405.7354937,846.1003869,7.522412063
57P1,2,887.7711387,1815.471627,2.884790346,192826.0113,2438.009771,568.1026328,1295.969982,3.966529257,26355.3457,472.7309714,322740.6014,1679538.195,15.73335434,363.5403172,925.1250033,5.453898708
57P1,5,905.2744807,1839.267433,2.831701443,191513.8279,2481.074184,562.09656,1230.935507,3.92446523,25595.79943,499.8649722,315952.5428,1515202.223,15.40142734,349.0129784,823.8074547,5.4389305
57P1,10,877.0011074,1844.881506,2.932946865,191650.1617,2546.029531,558.5105314,1152.049495,3.360293981,26089.36164,700.2115996,311934.0137,1327218.039,11.29157564,355.6825767,719.405574,3.849908012
57P1,15,944.5991173,2053.855094,2.844286755,191653.3314,2578.271056,534.3125114,1072.58733,2.430515563,25748.1764,635.8605536,285489.8598,1150443.579,5.907405901,302.2338838,560.1386305,2.076937528
57P1,20,1065.426726,2498.80694,3.091311753,190458.708,2575.243263,605.5699845,1212.591583,3.109138431,24170.21512,646.4063421,366715.0062,1470378.346,9.666741784,344.1954264,588.4321525,3.12706791
57P1,25,1222.053763,3044.505006,3.053890212,191075.2866,2475.183166,649.9339487,1464.230161,2.210285671,25170.2238,524.4379737,422414.1377,2143969.964,4.885362746,345.6592094,704.2097023,1.59971787
57P1,30,1397.483229,3772.807962,3.295915538,192510.4902,2499.356063,740.7162646,1647.82523,2.413838211,26951.35439,536.8765541,548660.5846,2715327.987,5.826614908,392.6062033,719.7100978,1.767828951
57P1,40,1845.415306,5338.595938,3.35078528,190124.5238,2496.567646,957.1971199,2426.485693,1.746293749,24752.51167,506.2059989,916226.3264,5887832.82,3.049541857,496.4878763,1102.880399,0.910097664
57P1,50,2247.691768,6765.334072,3.419018425,191374.9782,2579.846438,1161.687926,3133.329698,1.684122641,26970.36194,697.3899118,1349518.838,9817754.999,2.836269069,600.4020913,1451.185543,0.829556532
57P1,60,2726.52788,8445.457447,3.399801626,189485.8283,2553.305576,1452.419841,4299.514106,1.378257557,25801.55303,725.690228,2109523.394,18485821.55,1.899593893,773.7032177,2188.84787,0.558736686
57P1,70,3157.670115,9830.888807,3.361559951,189582.611,2558.794607,1600.281701,4775.915569,1.293666223,26021.36359,695.1497129,2560901.523,22809369.52,1.673572297,811.0098365,2320.173686,0.497855853
57P1,80,3756.762322,11770.22526,3.331475214,188538.6258,2611.753195,1954.824844,5848.265433,1.110906222,25613.68998,1312.956425,3821340.17,34202208.58,1.234112635,1017.189761,2905.824469,0.370440287
57P1,90,4291.961511,13275.41213,3.271796001,186290.6609,2584.745824,2201.758141,6617.730793,1.218123795,24673.201,756.8345333,4847738.911,43794360.84,1.483825579,1129.492634,3298.907817,0.453520201
57P1,100,4699.872101,14645.32862,3.271585827,185302.4464,2654.238043,2555.36761,7892.9217,0.955725459,22773.83924,1192.5151,6529903.62,62298212.97,0.913411153,1389.379004,4253.794133,0.279195229
57P1,110,5245.878427,16324.93434,3.244106292,184495.8384,2668.299423,2693.514732,8238.370677,0.918717194,22462.21171,911.3463665,7255021.613,67870751.42,0.844041282,1382.994615,4157.490008,0.260176827
57P1,120,5535.234186,17174.78287,3.221868135,184245.7655,2708.86425,2770.435134,8575.595516,0.865415382,22399.34065,739.7266172,7675310.83,73540838.45,0.748943783,1386.628022,4281.9079,0.232456374
57P1,150,6561.390726,19606.79475,3.081920558,183441.0237,2755.491733,3243.220907,9776.542063,0.808345927,22567.01519,945.8940804,10518481.85,95580774.71,0.653423138,1603.087256,4874.880158,0.212018164
57P1,180,7478.38721,21628.19817,2.949722079,181162.3668,2808.579058,3592.033771,10699.19791,0.693297628,18984.47169,951.3248798,12902706.61,114472836,0.480661602,1725.332782,5292.758789,0.162951488
57P1,210,8342.875481,23017.50612,2.801184995,180775.5775,2795.698496,4345.535267,12197.24046,0.65383749,20146.09462,1483.375429,18883676.76,148772674.7,0.427503464,2263.449431,6463.457594,0.15261522
57P1,240,9075.714938,23612.85624,2.639717353,179253.6295,2792.863972,4127.28099,11188.80672,0.625938585,17337.80845,1194.835491,17034448.37,125189395.8,0.391799113,1876.926334,5301.747258,0.148424646
57P1,1600,31981.59403,20208.62852,0.767543668,184442.3458,5598.369373,28564.42513,16480.42966,0.539125603,27208.60022,6333.037943,815926383.2,271604561.8,0.290656415,25512.37385,13440.02942,0.378683881
57P2,0,885.5347614,1794.711387,2.771539458,192722.8801,2665.292371,563.2864621,1225.720426,3.834722411,27415.43955,1167.899126,317291.6384,1502390.563,14.70509597,358.3051193,837.1209843,5.305750179
57P2,2,884.6854182,1750.625093,2.713271923,191778.2976,2586.363434,499.3349448,903.7182658,2.767819173,25262.38892,760.645046,249335.3871,816706.7039,7.660822974,281.8350817,466.5229051,2.823463034
57P2,5,857.1926639,1691.592812,2.825665815,192795.791,2604.339755,610.7431721,831.9766267,3.336241142,26362.70856,594.9452889,373007.2223,692185.1073,11.13050496,435.149807,409.1913269,3.939073368
57P2,10,897.5458241,1735.98374,2.700960006,192421.1796,2634.487805,517.0182394,805.3499599,3.365175736,26456.25595,489.4690858,267307.8598,648588.558,11.32440773,297.8208495,373.6144199,4.192734328
57P2,15,938.0116192,2002.235757,3.023302959,192680.8756,2684.915292,570.3391806,1130.713831,4.896562784,26936.73393,885.3626757,325286.7809,1278513.768,23.97632709,346.7833172,638.5430703,7.9305076
57P2,20,1019.340602,2331.815789,3.135044899,192324.1383,2579.156767,581.0837159,1225.027002,4.035042929,27402.46273,848.1197795,337658.2848,1500691.156,16.28157144,331.2516781,643.5719163,5.193409334
57P2,25,1167.031828,2906.927831,3.239273747,191315.9437,2583.166173,686.2097259,1490.913057,3.048313339,25633.55821,708.2877734,470883.788,2222821.743,9.292214215,403.4883853,764.6635457,2.868610356
57P2,30,1357.98213,3534.281459,3.343230211,192196.3366,2570.090841,786.657194,1516.830156,3.821084294,27651.13388,583.1103226,618829.5408,2300773.723,14.60068518,455.697853,650.9876901,4.367238945
57P2,40,1750.290238,5015.178465,3.378321023,190984.3934,2559.221311,919.0244007,2182.451247,1.960143543,25789.21453,562.7273022,844605.849,4763093.447,3.842162711,482.5518822,949.7355837,1.13729947
57P2,50,2212.82037,6443.658889,3.313471388,190159.0756,2597.036667,1220.53455,2789.23223,2.006147504,25652.67923,713.5203521,1489704.588,7779816.432,4.024627806,673.2153263,1207.360068,1.214625791
57P2,60,2655.005547,8004.654586,3.306311395,190392.8047,2575.160503,1352.666986,3838.083694,1.372616212,26597.57697,586.4067517,1829707.974,14730886.44,1.884075264,689.154106,1840.290082,0.56984205
57P2,70,3218.84352,9806.779823,3.290142812,188038.975,2612.981959,1699.339204,4899.71668,1.253044267,23936.94603,680.6554836,2887753.731,24007223.54,1.570119936,897.1401414,2448.0231,0.477219387
57P2,80,3842.039941,11761.29241,3.275919659,187032.1554,2627.780139,1963.279851,5981.014691,1.631803503,22829.0795,721.8234125,3854467.774,35772536.74,2.662782674,1003.234696,3041.548112,0.812835158
57P2,90,4298.994913,13491.25218,3.312368272,184879.6279,2625.907703,2296.248119,6962.667838,1.034762426,21807.88689,755.8763938,5272755.423,48478743.43,1.070733278,1226.508877,3593.346472,0.32325309
57P2,100,4940.487486,15196.49148,3.216036169,184379.4269,2665.758796,2618.579485,8097.152725,0.935488678,21685.98723,810.7644394,6856958.517,65563882.25,0.875139067,1387.911322,4314.409175,0.272117296
57P2,110,5346.069375,16301.9087,3.17580147,184216.9375,2700.241193,2798.061727,8520.655785,0.908928444,22186.52067,868.2210311,7829149.429,72601575.01,0.826150917,1464.468356,4453.562853,0.260139346
57P2,120,5726.303974,16847.3695,3.045172952,183935.7709,2726.429646,2804.49529,8285.022373,0.878468668,22159.20918,737.1117638,7865193.833,68641595.73,0.7717072,1373.520139,4074.321261,0.253419826
57P2,150,7078.104908,19477.16003,2.825131803,182598.2817,2826.672831,3625.072492,10029.19184,0.719868965,20991.78457,1200.899218,13141150.57,100584688.9,0.518211327,1856.591665,5164.237945,0.18342908
57P2,180,8021.030378,21042.02791,2.654308216,181624.5397,2770.808901,3655.487835,10251.75143,0.645192267,20121.24584,856.2430948,13362591.31,105098407.3,0.416273061,1665.944483,4994.690045,0.15682921
57P2,210,8375.786568,23147.00563,2.809622031,180307.5331,2783.911392,3972.835726,11343.06107,0.658773985,18304.14259,1009.527506,15783423.71,128665034.5,0.433983163,1884.410924,5558.603845,0.154463184
57P2,240,10154.91743,22432.14996,2.230076168,180488.4912,2827.657375,4675.70179,11350.08706,0.575849829,19463.2461,1283.191536,21862187.23,128824476.2,0.331603026,2152.86706,5742.850167,0.148695829
57P2,1660,36245.64731,7996.356358,0.289777766,178406.4134,8823.667713,28493.57722,12570.32863,0.495147548,22654.79324,7811.573564,811883942.7,158013161.8,0.245171094,22399.48802,19760.64531,0.846065928
33S1,0,1041.798162,1832.759096,2.179340649,194129.3788,2605.56262,582.5335754,1181.56575,2.1933362,30150.52951,571.0093404,339345.3665,1396097.62,4.810723687,325.7304332,761.7463874,2.20742163
33S1,2,876.7200929,1684.298103,2.884835217,195290.2393,2645.44096,782.341347,1091.240879,5.008389886,31797.40813,645.8103289,612057.9832,1190806.657,25.08396925,698.1224545,707.0046893,8.695113367
33S1,5,860.065748,1648.447638,2.696422575,196135.5087,2594.716142,527.703035,1103.549373,3.882936266,32274.17877,496.2718267,278470.4931,1217821.219,15.07719405,323.7781457,738.7685186,5.591554597
33S1,10,911.9924871,1742.957691,2.671564618,195349.5611,2570.653223,634.0196368,1580.418102,3.749902543,31668.67628,719.8350052,401980.8999,2497721.378,14.06176909,440.7721615,1433.036149,5.263495777
33S1,15,929.9553467,1850.93537,2.745197927,196174.8155,2604.448492,790.9863007,1098.295791,2.983860592,32796.62152,816.383745,625659.3279,1206253.644,8.903424035,672.7842688,651.6994941,3.24327217
33S1,20,961.8089097,2013.692849,2.885514317,194578.4072,2641.153185,566.31609,1164.068732,4.068661514,31747.90715,576.9550602,320713.9138,1355056.013,16.55400652,333.4486826,672.9209043,5.736934458
33S1,25,1047.771958,2234.607575,2.854991963,195157.4021,2629.735697,630.8072769,1125.743065,2.785131306,33444.68083,535.8513831,397917.8206,1267297.448,7.756956394,379.775215,567.1230431,2.716980116
33S1,30,1205.099881,2681.002774,2.892335963,194075.396,2717.259215,682.0107519,1322.239225,3.64856299,31207.57854,530.4771028,465138.6657,1748316.569,13.31201189,385.9751984,652.1129279,4.602512316
33S1,40,1731.368944,3704.914218,2.526061763,195030.1128,2638.051231,864.4659275,1630.739386,1.499788963,33075.58011,998.3176389,747301.3398,2659310.944,2.249366935,431.6245492,717.7793567,0.89046395
33S1,50,2492.94708,4719.379851,2.093880208,195071.3979,2645.683261,1131.733242,2153.193798,0.983017661,32165.3236,1194.064567,1280820.132,4636243.531,0.966323721,513.7775054,982.3840584,0.461499047
33S1,60,3513.327316,5738.427786,1.744090029,194638.7692,2589.997253,1482.929524,2604.617305,0.674332454,32652.61773,571.3520135,2199079.974,6784031.306,0.454724258,625.9251633,1182.2108,0.260722927
33S1,70,4602.734734,6342.057954,1.456609349,195056.2676,2619.834695,2015.732494,2794.50853,0.530562707,33124.95472,1306.221144,4063177.489,7809277.927,0.281496786,882.7746382,1231.347614,0.193254826
33S1,80,5514.072447,6721.477831,1.289732181,193919.4933,2569.273555,2336.716918,3051.152315,0.483191826,32832.59356,578.703344,5460245.953,9309530.452,0.23347434,990.2383413,1385.042202,0.181025444
33S1,90,7260.266667,7710.635928,1.097405786,194013.0491,2623.661477,3511.939222,5597.355632,0.423432489,33536.7544,866.8689865,12333717.1,31330390.07,0.179295073,1698.796706,4063.269276,0.163380834
33S1,100,9226.38815,7952.906086,0.893039149,192774.5006,2668.761387,3561.942154,3617.995797,0.326649407,31838.88562,753.7150299,12687431.91,13089893.59,0.106699835,1375.124448,1645.925835,0.11947946
33S1,110,11451.13717,8347.831858,0.754838247,192152.8174,2642.652856,4850.704634,4157.269718,0.300918894,32473.37087,753.7529649,23529335.45,17282891.51,0.090552181,2054.759724,2070.344947,0.119962364
33S1,120,14436.27908,8696.533177,0.617702987,190964.4091,2632.31694,5478.5695,4216.809086,0.246715096,32704.18884,632.8570616,30014723.76,17781478.87,0.060868339,2079.117728,2044.662914,0.098539816
33S1,150,30616.68398,10164.23633,0.344657067,188524.8,2706.573047,11894.67998,4917.910108,0.152422091,29606.97736,876.3761632,141483411.8,24185839.84,0.023232494,4621.121343,2379.503885,0.067407566
33S1,180,51425.74105,11087.33924,0.225960226,187894.1576,2763.679608,19847.63322,5586.858854,0.137874314,27063.74972,1132.542528,393928544.4,31212991.86,0.019009326,7660.143275,2815.192282,0.08412687
33S1,210,64516.17825,12138.20771,0.215154658,186443.2448,2672.856675,30874.49632,6627.947074,0.164205769,23426.53475,1077.55547,953234522.8,43929682.42,0.026963535,14775.12383,3619.124294,0.12532164
33S1,240,91936.75378,12269.47084,0.147548924,186248.5702,2656.486321,38377.62568,6642.983485,0.169825805,23641.55628,1131.146947,1472842153,44129229.58,0.028840804,16020.16704,3596.669338,0.19546604
33S1,1600,162913.8298,12685.01434,0.083353484,191572.1912,3139.58413,74468.50513,6839.516762,0.049387383,36948.44666,2537.312554,5545558256,46778989.54,0.002439114,34039.82499,3687.736433,0.029262288
33S2,0,983.6288462,1984.820385,2.62795469,194706.5108,2630.488846,612.4450147,1277.24677,2.399687566,30367.15,922.6299833,375088.8961,1631359.312,5.758500414,381.3317366,821.9178547,2.191247983
33S2,2,947.5812261,1957.588123,2.783144232,194690.2559,2587.922222,569.1589746,1302.307025,3.36713829,30114.90698,614.9094282,323941.9384,1696003.587,11.33762027,341.8619212,866.3740688,4.073673271
33S2,5,922.5577223,1820.681357,2.720105277,196338.0218,2641.50741,519.8329388,965.5142783,3.962333595,32932.38065,841.6865292,270226.2842,932217.8216,15.70008752,292.9098935,512.0159098,5.771867601
33S2,10,921.6553628,1809.053233,2.669888602,194587.4574,2645.513801,542.685272,1008.722914,2.700180995,31050.44163,558.4130817,294507.3045,1017521.918,7.290977408,319.5416816,562.461015,2.730817084
33S2,15,904.5669941,1931.601179,2.932085078,194779.6872,2705.981139,529.1389978,1020.763475,4.106763564,31439.42412,500.4452817,279988.0789,1041958.072,16.86550697,309.527189,539.427126,5.752052388
33S2,20,1001.059701,2202.729326,3.08455691,195757.0762,2728.083098,660.2569134,1040.365131,3.850391158,34135.1857,1296.235867,435939.1918,1082359.607,14.82551207,435.4777154,491.3720418,4.806366848
33S2,25,1116.119665,2609.589549,3.130925867,194325.5461,2646.447547,633.9609405,1289.899043,3.566592783,32157.61318,579.8444806,401906.4741,1663839.542,12.72058408,360.0926377,637.586682,4.062882553
33S2,30,1303.929964,3121.315161,3.061119023,194578.7441,2599.957421,702.3818496,1313.830908,3.044267446,32406.69058,534.1451466,493340.2626,1726151.654,9.26756428,378.3487428,553.0206226,3.027508637
33S2,40,1743.498003,4225.190895,2.871011234,194167.4121,2583.768371,916.7029375,1816.827115,1.804613328,31547.07589,517.6569179,840344.2757,3300860.767,3.256629264,481.9875183,781.2335229,1.134314358
33S2,50,2280.017084,5380.263012,2.65464019,195068.5419,2570.06476,1055.054231,2180.772068,1.229254764,33350.16853,697.1515422,1113139.43,4755766.814,1.511067275,488.2153902,883.9283142,0.569217358
33S2,60,3083.937451,6766.87412,2.374435397,191482.3956,2639.091869,1512.395425,3316.756267,0.934868378,30197.41404,912.0984258,2287339.922,11000872.14,0.873978884,741.6946543,1625.69481,0.368078612
33S2,70,3931.589159,7724.406913,2.105754929,193826.3881,2618.684603,1728.623458,3558.708892,0.826030211,34043.47812,587.5424398,2988139.058,12664408.98,0.682325909,760.0333953,1639.531568,0.324029116
33S2,80,4610.821415,8300.776084,1.913352328,193240.2845,2617.07034,2051.303502,3878.011867,0.744983476,33528.77962,942.0694559,4207846.059,15038976.04,0.55500038,912.6022634,1811.755417,0.290067005
33S2,90,5965.258436,9284.867805,1.649091276,191892.478,2689.845177,2643.582634,4474.709142,0.676852741,32284.49626,916.0823361,6988529.145,20023021.91,0.458129633,1171.53837,2156.522024,0.277807323
33S2,100,7445.577752,9704.363494,1.366913228,190989.4367,2652.256169,3211.599781,4791.771601,0.55684536,31900.46462,655.3868149,10314373.15,22961075.08,0.310076755,1385.30192,2366.056784,0.226844505
33S2,110,9735.573822,10572.42423,1.150216823,189826.543,2709.568757,4196.045642,5275.918598,0.508208076,31900.89025,797.1470528,17606799.03,27835317.05,0.258275449,1808.501414,2632.822562,0.224545011
33S2,120,12506.00391,10904.409,0.932202413,189753.0114,2739.355382,5665.085822,5927.219763,0.465448667,31918.80866,1186.941222,32093197.37,35131934.11,0.216642462,2566.223199,3221.810014,0.232398521
33S2,150,26517.95669,12195.41299,0.503212541,188929.1879,2765.464424,12074.63159,6485.937843,0.305376663,30522.79665,889.2880314,145796728.1,42067389.71,0.093254906,5498.037794,3449.443634,0.185319122
33S2,180,41304.97879,13384.69762,0.366907711,187059.1532,2763.89543,17110.19987,6623.383063,0.245010156,26344.14326,925.9781364,292758939.5,43869203.19,0.060029976,7087.739737,3277.564008,0.163610561
33S2,210,57597.16036,14103.2018,0.279832538,184867.6094,2674.274234,24636.73806,7426.128021,0.213773029,22146.48613,853.3235453,606968862.3,55147377.39,0.045698908,10538.17338,3910.273579,0.163308057
33S2,240,76273.68583,14353.31524,0.215022252,184475.0075,2644.470903,30845.8401,7354.369114,0.171799912,21676.4811,795.279326,951465851.2,54086745.06,0.02951521,12474.36571,3768.240587,0.137265839
33S2,1600,119433.5054,13329.96457,0.127759779,190745.5154,2797.669816,54112.38566,7481.519456,0.161272731,35232.3395,1272.387895,2928150282,55973133.37,0.026008894,24516.99187,4199.045921,0.203576541
40A1,-20,813.8078479,1487.32322,2.635083223,196057.89,2652.43123,483.2626502,891.646764,4.280039527,29955.90749,574.811703,233542.789,795033.9517,18.31873836,286.9753464,534.5401329,6.951863303
40A1,0,763.4445833,1293.312917,2.486974466,195751.2533,2565.374583,443.8585788,621.3310874,3.646060384,30026.86716,849.3124768,197010.4379,386052.3201,13.29375633,258.0546673,298.4987741,5.345352961
40A1,2,767.0208068,1267.430998,2.530753885,197034.1231,2499.539278,461.5828848,796.0926962,4.079897255,29718.23829,484.2920781,213058.7595,633763.5809,16.64556161,277.7744198,500.0379366,6.57731347
40A1,5,771.0937631,1271.674341,2.4067441,197890.4646,2545.229803,469.338154,793.8774004,3.628140508,32418.56428,473.2415201,220278.3028,630241.3269,13.16340354,285.6699319,495.5996254,5.469382284
40A1,10,785.4562771,1299.592641,2.403432766,196593.8147,2574.401732,569.1068699,1464.163358,2.79906677,30888.50126,571.3092935,323882.6293,2143774.34,7.834774782,412.3496607,1649.574084,3.2598269
40A1,15,788.9651442,1351.828526,2.604911645,195259.0769,2570.954728,440.3072902,692.4184235,4.573357709,29602.54371,780.8543689,193870.5098,479443.2732,20.91560074,245.727598,354.6627875,8.029293728
40A1,20,826.9544148,1566.032854,2.657417553,196700.5175,2554.53306,517.2832554,997.3082712,2.991828142,31796.46439,596.0823745,267581.9663,994623.7877,8.951035629,323.5752316,635.1231937,3.368321105
40A1,25,907.3982982,1882.146677,2.8618913,196443.6953,2500.61953,506.2363409,962.5117414,3.025041942,31782.41482,814.6967211,256275.2329,926428.8524,9.150878751,282.428602,492.219264,3.197493473
40A1,30,1005.280297,2247.808739,3.139975181,196375.0041,2443.154163,551.3040179,952.8817106,5.257830179,30326.50468,394.63164,303936.1202,907983.5543,27.64477819,302.3396769,403.9416427,8.804139078
40A1,40,1330.343672,3337.656741,3.153508335,196895.9735,2516.563275,733.5423852,1408.369192,2.393037483,32115.4167,1428.410587,538084.4309,1983503.782,5.726628393,404.4702448,594.2803397,1.815954735
40A1,50,1639.86766,4426.208511,3.300999185,196710.8357,2492.752766,838.2075399,1886.479056,2.824752996,31685.07575,679.4383945,702591.8799,3558803.228,7.97922949,428.4442563,804.0297286,2.417216438
40A1,60,1956.012,5367.219556,3.168600927,193999.3031,2504.296889,979.7588978,2307.994438,1.668249312,30889.76815,451.297692,959927.4979,5326838.324,2.783055768,490.7574687,992.4763221,0.87832322
40A1,80,2879.180444,8120.74256,3.074419514,193121.4662,2583.061408,1378.433635,3579.923068,1.252691919,31540.26707,791.5647738,1900079.286,12815849.18,1.569237044,659.9375492,1578.162229,0.510417344
40A1,90,3194.867033,9129.05823,3.071484225,193077.2893,2532.444292,1502.250919,4271.512528,1.109235939,31224.47074,586.6503344,2256757.825,18245819.28,1.230404368,706.3698742,1998.652963,0.400589512
40A1,100,3656.95189,10234.9317,2.984702008,192656.2749,2608.104811,1830.338509,5135.256427,1.077236964,32008.59463,1114.159991,3350139.058,26370858.57,1.160439477,916.1014853,2576.554425,0.388795757
40A1,110,4180.20749,11104.24193,2.79034454,191704.4374,2607.563065,1775.233286,4848.441523,0.919539053,31450.22419,746.6880377,3151453.221,23507385.2,0.84555207,753.8987547,2116.973437,0.303027837
40A1,120,4881.24913,12300.22478,2.626272685,191008.9461,2652.828696,2317.14304,6077.389471,0.80116318,31666.27126,891.5368798,5369151.866,36934662.78,0.641862441,1099.954484,3002.763237,0.244400532
40A1,150,7796.368562,14628.4483,1.909516709,188773.8726,2695.524609,3101.201801,6890.607645,0.559298052,29101.93769,817.1932633,9617452.613,47480473.71,0.312814311,1233.581062,3245.762827,0.163818577
40A1,180,10654.1153,15990.04689,1.516345029,188557.6756,2724.152575,4371.549971,7992.433805,0.442005279,30667.73976,1062.6183,19110449.15,63878998.12,0.195368666,1793.715257,3994.922502,0.128841829
40A1,210,13937.50614,17130.36598,1.244604262,188718.0092,2698.380184,6215.592124,9229.787436,0.389091158,32074.97333,1572.958717,38633585.45,85188976.12,0.151391929,2771.915223,4972.98051,0.121638607
40A1,240,18158.39162,17310.25165,0.970794562,188498.587,2673.766188,7722.994216,8715.274082,0.314119893,32001.2526,1039.556784,59644639.66,75956002.32,0.098671307,3284.687372,4387.920168,0.10163974
40A1,1600,107984.3175,16385.89874,0.167329667,187877.0526,4688.611556,74118.26436,12682.93339,0.111194569,35165.51863,4950.400694,5493517111,160856799.3,0.012364232,50873.2864,9816.782215,0.073891452
40A2,0,780.2792291,1331.070664,2.449824686,197792.0685,2629.349465,625.5916048,1486.763673,3.536037976,32006.94223,521.8550126,391364.856,2210466.221,12.50356457,501.5702602,1660.667822,5.103860958
40A2,2,764.4640578,1294.489154,2.421159034,196144.5649,2619.255636,428.7717931,841.1617123,3.859176141,29176.98873,965.3937852,183845.2505,707553.0262,14.89324049,240.4890703,546.5886093,6.151285511
40A2,5,756.4854246,1248.768061,2.507028431,196723.9409,2589.04943,457.7934486,858.4208146,4.328033619,29878.1393,623.8101923,209574.8416,736886.2949,18.73187501,277.0375143,590.0906005,7.471744149
40A2,10,781.0165957,1304.082979,2.452056538,196081.6204,2636.748936,549.6661893,1294.217302,3.766200488,30170.33718,763.8681775,302132.9197,1674998.424,14.18426612,386.8457102,1284.42626,5.784640729
40A2,15,803.3437754,1385.031733,2.471798876,196339.7103,2641.153784,444.8761877,657.5639579,4.041266095,31470.377,649.6790291,197914.8223,432390.3588,16.33183165,246.3637964,312.188052,6.607265586
40A2,20,848.0453061,1649.793469,2.726960467,195578.1486,2630.736327,467.3276319,739.8161546,3.263675329,31003.56259,656.5984283,218395.1155,547327.9426,10.65157665,257.5276509,331.7554305,3.906025327
40A2,25,933.5652522,1955.614492,2.940731546,195078.1489,2520.240592,516.5954442,866.202348,4.407472633,29528.31796,684.6047617,266870.853,750306.5077,19.42581501,285.8620245,383.6679013,6.605776389
40A2,30,1055.144573,2433.479702,3.268474533,197383.4234,2495.89768,569.5574832,995.9618705,4.879843878,31488.86553,434.6517752,324395.7267,991940.0475,23.81287628,307.4419704,407.6220758,7.285623932
40A2,40,1338.574361,3488.036866,3.28686163,196122.3829,2520.018852,730.1720283,1579.172,3.046780652,30743.90381,795.004858,533151.1909,2493784.204,9.282872341,398.2977759,714.953511,2.824235817
40A2,50,1775.664363,4727.469978,3.106512788,195371.238,2532.856587,1175.28881,3438.937334,1.779417127,30112.32757,654.4571122,1381303.786,11826289.99,3.166325313,777.9081535,2501.610807,1.019253912
40A2,60,2112.593638,5573.449373,2.970667394,194747.1828,2557.146505,1028.464692,2383.024487,1.336806668,31905.14272,578.9756906,1057739.623,5678805.706,1.787052069,500.6829538,1018.903255,0.601565854
40A2,80,3139.016644,8058.470643,2.770956414,191705.2982,2635.523347,1665.562466,4568.149821,1.133540008,28735.27553,857.6290914,2774098.327,20867992.79,1.284912949,883.7475688,2589.572354,0.463707384
40A2,90,3602.852505,8735.300557,2.586352359,193486.6048,2588.592301,1668.973383,4004.858832,0.913656548,31677.98935,767.1340211,2785472.152,16038894.27,0.834768287,773.1296655,1836.10102,0.322758917
40A2,100,4256.196931,9803.02387,2.416214461,192871.6658,2583.132566,1927.816443,4784.802502,0.805168253,31549.73074,668.9001735,3716476.237,22894334.98,0.648295915,873.1917947,2335.436013,0.268310585
40A2,110,5061.29181,10881.99828,2.231100291,191939.9724,2635.934914,2159.453059,5181.5247,0.696651852,32285.20241,809.2467367,4663237.516,26848198.21,0.485323803,921.3532218,2467.212136,0.217526664
40A2,120,6062.347617,11530.79668,1.954053476,190905.4797,2647.950153,2401.860504,5290.660433,0.59221897,32499.38478,814.4978423,5768933.88,27991087.82,0.350723308,951.6006414,2427.506841,0.17948501
40A2,150,10344.43435,13883.29885,1.363589707,189144.5252,2694.924427,4246.423252,7119.445914,0.44553205,30315.12067,936.7687529,18032110.44,50686510.12,0.198498808,1743.170272,3650.898151,0.145570773
40A2,180,14320.9857,15254.41847,1.078431844,189185.187,2636.241113,5946.012921,7703.122137,0.363621589,31758.40443,739.9239912,35355069.66,59338090.66,0.13222066,2468.759511,3889.895296,0.122604558
40A2,210,18850.42371,15724.50325,0.848365648,190145.2482,2648.869598,7479.5898,7906.226905,0.310753899,33015.41859,838.0237511,55944263.58,62508423.87,0.096567986,2967.798732,3975.224074,0.11382826
40A2,240,23177.16745,16671.24941,0.749809188,188181.4839,2663.542745,11162.3888,9066.067938,0.303461213,31219.68896,1261.074945,124598923.6,82193587.86,0.092088708,5375.934048,4930.259624,0.12281619
40A2,1600,107984.3175,16385.89874,0.167329667,187877.0526,4688.611556,74118.26436,12682.93339,0.111194569,35165.51863,4950.400694,5493517111,160856799.3,0.012364232,50873.2864,9816.782215,0.073891452
36I1,0,982.527619,1880.253968,2.300407575,191781.2216,4734.531429,1088.837722,2905.743878,2.207450585,35648.47907,2886.688871,1185567.585,8443347.483,4.872838084,1206.650645,4490.535654,2.118249886
36I1,2,1261.65584,2952.247345,2.979976271,187952.9294,5669.754528,1977.903226,5901.389453,2.832193827,34526.95636,2069.690562,3912101.171,34826397.47,8.021321875,3100.767298,11796.5717,2.691740183
36I1,5,1155.137122,2643.287832,2.932992345,188866.3323,5787.228536,1423.874533,4781.072534,2.742201522,36090.87154,2255.617382,2027418.687,22858654.58,7.51966919,1755.132485,8647.811373,2.563821621
36I1,10,1251.027076,2964.54994,3.016250051,190114.0409,5902.356799,2607.024977,8289.26516,3.507543164,36360.01037,2051.847043,6796579.23,68711916.9,12.30285905,5432.799467,23177.85778,4.078859126
36I1,15,1335.333537,3284.07561,3.096393848,189050.3805,6079.82561,2675.575799,8381.037198,2.508909883,34167.68594,1962.1984,7158705.855,70241784.51,6.2946288,5360.987093,21388.6015,2.032890229
36I1,20,1480.698605,3712.935112,3.160651465,188212.3178,5968.020012,1514.863898,4264.604308,2.761103407,33495.59925,1925.21552,2294812.631,18186849.91,7.623692022,1549.817514,4898.240706,2.412063496
36I1,25,1659.212477,4359.510809,3.15476582,187540.635,5844.634342,1983.004739,6054.88627,2.054287817,30774.22045,1999.653447,3932307.795,36661647.75,4.220098434,2369.984466,8409.578357,1.337689919
36I1,30,1862.428397,4918.213586,3.147814318,191266.1542,5894.812118,1550.565696,4602.458948,2.419514201,36651.97565,2090.61722,2404253.977,21182628.37,5.85404897,1290.924248,4306.976099,1.859718642
36I1,40,2309.982032,6092.51487,2.993771623,188555.5787,5949.405204,1233.129694,3140.069654,1.559202904,34156.0638,1895.197444,1520608.842,9860037.434,2.431113696,658.2773463,1618.385452,0.812057165
36I1,50,2981.719975,7350.519602,2.69291213,187633.5034,5990.911637,1562.852219,3998.339466,1.17366799,34128.52387,2229.783045,2442507.057,15986718.48,1.377496552,819.1604435,2174.909986,0.511526736
36I1,60,3824.112138,8750.321627,2.429159066,188315.0511,5971.769563,2778.780876,8003.776678,1.064368357,34402.59597,2209.421202,7721623.158,64060441.1,1.13288,2019.193705,7320.924171,0.466367154
36I1,70,4590.306583,9557.283386,2.171777547,186697.9912,5734.966144,2839.576937,7233.5805,0.753810825,33828.85379,2890.81419,8063197.181,52324686.85,0.56823076,1756.570511,5474.849362,0.261643169
36I1,80,5899.448809,11031.94269,1.917938996,186335.0316,5303.766259,2911.458339,6983.702273,0.640696778,33882.91316,2078.448311,8476589.662,48772097.44,0.410492362,1436.844346,4420.989013,0.214027851
36I1,90,7299.137591,12565.76037,1.727442867,185344.6741,5170.959184,3459.15837,8423.518481,0.581742904,32699.95569,2226.455111,11965776.63,70955663.6,0.338424807,1639.341153,5646.746518,0.195910854
36I1,100,8609.457143,13374.65581,1.560116421,185754.2804,5405.730233,4099.085635,9226.41813,0.594741005,34071.84089,2383.325033,16802503.04,85126791.51,0.353716863,1951.633275,6364.783714,0.226724658
36I1,110,10748.82151,14706.83906,1.372648206,184904.2868,5475.857352,4643.91995,8558.913683,0.517692735,33714.45951,2589.856648,21565992.5,73255003.43,0.268005768,2006.358789,4981.016187,0.195247236
36I1,120,12497.05702,15142.98757,1.221619793,184245.1462,5368.910088,5708.518248,9412.516874,0.508460525,33855.69952,2439.249675,32587180.58,88595473.9,0.258532105,2607.588374,5850.59411,0.21163058
36I1,150,20022.21256,16415.23236,0.845054637,184862.8434,5569.907917,10063.55582,12329.84993,0.480075165,32971.46062,2997.208762,101275155.7,152025199.2,0.230472165,5058.140072,9261.227372,0.272730489
36I1,180,26538.0927,15282.41251,0.621709535,186958.9061,5904.039397,17517.0712,18887.57718,0.442901187,33964.32642,3978.661244,306847783.6,356740571.8,0.196161462,11562.54095,23343.21047,0.315519468
36I1,210,33678.65136,13284.29032,0.478780695,186921.9256,5659.442928,22055.8607,14130.82976,0.409478151,33224.90201,3571.291635,486460991.3,199680349.8,0.167672356,14444.19451,15031.31481,0.350207011
36I1,240,41797.13594,12978.03594,0.369771099,187052.8,6941.4125,32042.88705,23261.03454,0.404699995,35052.12888,5057.225755,1026746610,541075727.7,0.163782086,24564.99919,41691.64967,0.442928306
36I1,1660,34987.43137,6597.372549,0.208254088,178087.6549,8365.756863,41861.52728,18864.15678,0.610362074,27943.56398,6136.347007,1752387467,355856410.9,0.372541861,50086.19947,53939.1111,1.788881383
36I2,0,1031.912116,2116.622097,2.485158894,192892.5449,4738.011927,2579.874848,7878.253143,3.231045795,36712.49714,2786.04815,6655754.233,62066872.58,10.43965693,6449.923529,29323.54939,4.200800581
36I2,2,1331.836649,2566.000603,2.502571364,187665.437,5872.993972,2652.173585,7726.013862,2.931783781,32902.40908,2141.867969,7034024.727,59691290.19,8.595356141,5281.447041,23262.38354,3.434609804
36I2,5,1224.885015,2348.275841,2.625367803,189295.3248,5904.553517,841.4330604,1674.268136,5.792370252,35084.09462,2051.611884,708009.5951,2803173.792,33.55155313,578.0212724,1193.715723,12.77975341
36I2,10,1284.187832,2596.323686,2.751854242,190467.6291,5893.18547,926.5376116,1845.372612,3.174100019,35995.35537,1884.356381,858471.9458,3405400.078,10.07491093,668.4940662,1311.623854,3.66113538
36I2,15,1369.103695,2988.476758,2.889241341,190869.2062,5919.864124,1020.041442,2027.14079,2.591177214,36257.3606,1969.00093,1040484.543,4109299.781,6.714199356,759.9749723,1375.048265,2.323862414
36I2,20,1537.405935,3635.165733,3.021236782,190814.8891,5923.365062,975.0386012,2182.823232,2.59951186,36417.969,1887.72448,950700.2738,4764717.261,6.757461909,618.3794742,1310.729031,2.23665419
36I2,25,1707.307233,4191.901973,2.934784263,189059.902,5864.762702,1030.994563,2487.000234,1.886692018,34185.40658,1853.798815,1062949.79,6185170.163,3.55960677,622.5884652,1475.504485,1.212902364
36I2,30,1974.547406,4891.21288,2.880690059,189940.093,5894.15802,1623.670673,4583.210717,1.575296363,35659.82361,1915.189505,2636306.454,21005820.47,2.481558631,1335.144675,4294.603606,0.861445897
36I2,40,2368.085647,5965.199646,2.917428135,189894.2374,5948.568813,1710.604014,4311.867503,1.655606005,36517.33708,2018.179702,2926166.093,18592201.37,2.741031244,1235.66734,3116.777722,0.939536851
36I2,50,2953.81376,6948.093713,2.561643471,186815.013,5911.021352,1812.138567,4533.097492,1.040154413,31562.51649,2032.82627,3283846.187,20548972.88,1.081921203,1111.730953,2957.497945,0.422354327
36I2,60,3764.47988,8008.808408,2.257978291,189021.1748,5736.647447,1737.493911,3756.385997,0.764987591,35420.58294,2022.638599,3018885.092,14110435.75,0.585206015,801.9394946,1761.864567,0.25917256
36I2,70,4639.622736,8913.950656,2.011701967,187282.6284,5528.242349,2250.991161,4845.337083,0.69862074,34207.18264,1944.067229,5066961.209,23477291.45,0.488070939,1092.106298,2633.76951,0.242615928
36I2,80,5804.158924,10078.56663,1.799784913,186896.2738,5389.231663,2685.009832,5294.101389,0.612465043,33808.02935,2350.515112,7209277.797,28027509.52,0.375113429,1242.088284,2780.902341,0.208421254
36I2,90,7235.572133,11282.47534,1.584654648,186928.6116,5238.989519,3299.72341,6387.859599,0.527986204,35204.72616,2365.710581,10888174.59,40804750.25,0.278769431,1504.811836,3616.648743,0.175918098
36I2,100,8925.317715,12917.18228,1.451057898,185087.6714,5374.912709,4274.084295,8781.393979,0.493041223,32804.36133,2474.450708,18267796.57,77112880.22,0.243089648,2046.73908,5969.791129,0.167525809
36I2,110,10825.22178,13876.5405,1.280072213,185435.1129,5354.409031,5123.867546,10288.4282,0.458997369,34333.67922,2798.410332,26254018.63,105851754.9,0.210678585,2425.263811,7628.108381,0.164583359
36I2,120,13113.88484,14542.74123,1.103072041,183566.4011,5390.129054,6627.804249,12953.35832,0.460569191,31238.84895,2524.440142,43927789.16,167789491.8,0.21212398,3349.715945,11537.6798,0.192302925
36I2,150,19535.65543,14416.62683,0.755276384,184434.1114,5386.760997,9772.128491,11160.77714,0.433589692,31460.00527,2506.184454,95494495.25,124562946.4,0.188000021,4888.215582,8640.228251,0.248915529
36I2,180,27989.15859,12757.60617,0.509264944,186344.5427,5859.652863,18017.31439,13995.65331,0.385217641,33147.25715,4019.34168,324623617.9,195878311.7,0.148392631,11598.19138,15353.84531,0.291385914
36I2,210,38759.67819,11979.61771,0.387657273,189167.9654,5795.442765,27040.31986,12633.18158,0.371324443,34250.21577,3647.497014,731178898.3,159597276.7,0.137881842,18864.42129,13322.40148,0.35567975
36I2,240,47156.72745,10941.1523,0.288557636,185300.9058,6675.551102,36479.15908,15066.70539,0.326699873,32087.62432,4565.229634,1330729047,227005611.3,0.106732807,28219.28321,20747.87052,0.369883841
36I2,1660,36563.33676,5810.560575,0.17813289,181308.9774,7736.523614,43625.44271,13553.76781,0.323072238,27177.93947,5988.096786,1903179251,183704621.8,0.104375671,52051.57462,31615.64524,0.585942727
33Y1,0,2272.66219,5034.82593,2.759143277,185466.7107,4578.099174,7680.72402,22537.86031,3.344998117,29669.68531,2087.824611,58993521.47,507955147.5,11.1890124,25957.89278,100888.3236,4.055248779
33Y1,2,1721.170408,4101.051531,2.779577996,186322.0245,4600.460204,5825.040882,19363.43283,5.630826346,29796.45331,1870.484822,33931101.27,374942530.9,31.70620533,19713.9697,91425.94968,11.40684139
33Y1,5,1380.280665,3176.988565,2.860876999,188058.3451,4648.027547,3020.708254,9163.635035,3.379367349,31547.31242,1982.150582,9124678.356,83972207.06,11.42012368,6610.741268,26431.38473,3.991826173
33Y1,10,1645.58603,4032.256292,2.849121207,189625.6559,4619.785824,4192.827028,13402.93387,3.386484279,34198.97863,1776.272504,17579798.49,179638636.4,11.46827577,10683.00178,44550.40141,4.025197574
33Y1,15,1500.627648,3708.697564,3.088864314,190442.3051,4677.095869,3541.77022,11453.94684,4.738094937,34109.13692,2084.464824,12544136.29,131192898.2,22.44954363,8359.259745,35374.38573,7.267895689
33Y1,20,1807.06473,4709.088175,3.00079172,189015.16,4532.401631,4136.299762,13474.02353,2.290659279,31889.26631,1815.67664,17108975.72,181549310.2,5.247119934,9467.826712,38552.9647,1.748578517
33Y1,25,2046.914704,5358.516484,2.972493014,190034.2522,4511.482993,5623.230618,18511.96173,1.900861709,33003.94568,2009.497547,31620722.58,342692727.2,3.613275236,15447.99229,63952.9109,1.21557064
33Y1,30,2046.840909,5429.043905,3.064322817,188138.843,4650.980888,4286.652037,14820.15478,2.063855183,31828.17761,2102.526536,18375385.68,219636987.7,4.259498217,8977.437182,40455.92402,1.390029207
33Y1,40,2809.974555,6590.332824,2.743235697,188005.3578,4657.399491,5296.496996,12899.32943,1.588575297,32566.8121,1978.160842,28052880.43,166392699.7,2.523571475,9983.32187,25247.99645,0.919925137
33Y1,50,3008.019781,7079.013014,2.529413982,188271.0088,4531.457574,3511.275301,10877.23155,1.118025179,33443.90805,2467.084739,12329054.24,118314166.1,1.2499803,4098.727781,16713.37034,0.494177825
33Y1,60,3713.566563,7754.037668,2.238440856,189172.6398,4402.535604,3148.22656,8592.425264,0.94801945,33631.52443,1840.265678,9911330.474,73829771.92,0.898740878,2668.951883,9521.461603,0.401503071
33Y1,70,5151.769309,9870.752541,1.894293873,187000.7154,4545.477642,7395.687467,23897.24917,0.74145528,32979.33397,2433.040047,54696193.1,571078517.7,0.549755933,10616.9725,57855.62097,0.290216814
33Y1,80,6660.583118,11097.74107,1.652237817,185658.465,4614.839979,6770.238801,21005.05156,0.650895215,32081.25035,2243.930246,45836133.42,441212191.1,0.423664581,6881.699787,39756.93688,0.256418644
33Y1,90,8251.801352,12900.88456,1.556198184,186631.0556,4691.564223,7206.732454,21936.39205,0.788299016,33787.18121,2172.349852,51936992.67,481205296.3,0.621415338,6294.018779,37300.17846,0.399316324
33Y1,100,10598.9558,15094.01065,1.322159056,185406.1597,4905.36262,9004.032152,27666.39432,0.578582614,32084.93454,2673.809343,81072594.99,765429374.5,0.334757841,7649.111524,50710.80127,0.253190295
33Y1,110,12203.20195,14645.49023,1.108851369,188989.7068,5043.985342,9572.788569,26715.71225,0.526787798,35970.78066,2790.152252,91638280.99,713729281.1,0.277505384,7509.363636,48733.72417,0.250263824
33Y1,120,14589.66075,15892.97717,1.020419322,186023.8529,5343.988586,11748.78993,31685.03482,0.558458342,33015.12778,3159.503447,138034064.7,1003941431,0.31187572,9461.088034,63168.87142,0.305634863
33Y1,150,19254.37391,15945.11217,0.83529675,185734.2116,5534.000796,15596.67232,38623.56064,0.649567392,32272.25595,3620.147854,243256187.6,1491779437,0.421937797,12633.81447,93557.16162,0.505135207
33Y1,180,27721.59227,14522.99558,0.578721696,186926.9569,6125.546961,19346.94579,23029.74579,0.541215736,33222.86674,4018.36531,374304311.5,530369191.2,0.292914473,13502.26596,36519.26962,0.506140472
33Y1,210,37909.20995,12665.57232,0.398813817,183740.3173,7077.158631,27665.68364,17035.52134,0.468304639,30219.82353,6125.665994,765390051.5,290208987.4,0.219309235,20190.08184,22913.21546,0.549903804
33Y1,240,44149.56777,13157.70879,0.402482028,185520.293,7296.397436,35884.70095,27948.71545,0.53434994,32251.5132,6386.660913,1287711762,781130695.3,0.285529858,29167.02988,59366.77181,0.709422628
33Y2,0,1291.554156,2908.221662,3.004863166,189344.5642,4367.611083,3694.503328,10507.10635,4.629994605,32856.90969,1702.870785,13649354.84,110399283.8,21.43685004,10568.16299,37961.0967,7.134051988
33Y2,2,1243.015424,2743.196401,2.79132725,190187.0725,4343.398458,3059.558581,9041.265711,2.723173744,33019.78778,1629.992896,9360898.709,81744485.65,7.415675237,7530.798514,29798.99129,2.656684284
33Y2,5,1337.489362,3072.358156,2.98794065,189650.6099,4231.223911,4745.332391,14633.8323,4.193282037,31700.62072,1396.518377,22518179.5,214149047.9,17.58361424,16836.15597,69701.85019,5.88486061
33Y2,10,1215.947181,2681.827324,2.896499737,191022.5455,4302.361605,2732.375694,8090.121122,4.086850995,34198.07985,1410.184184,7465876.934,65450059.77,16.70235105,6139.968124,24405.02384,5.766391359
33Y2,15,1322.278998,3163.061829,2.956170609,190973.6454,4235.095043,3158.733682,10668.23803,2.716955107,32741.67646,1514.561433,9977598.473,113811302.6,7.381845055,7545.758864,35981.37145,2.4970971
33Y2,20,1443.581686,3620.042144,3.163828663,192620.6868,4195.08845,2894.311204,9286.179021,3.113094678,34369.05145,1386.419087,8377037.343,86233120.81,9.691358474,5802.953463,23821.02677,3.063174244
33Y2,25,1553.251537,3999.608607,3.09759805,190619.2787,4252.553791,1740.954369,4893.979144,1.914753357,32169.60217,1450.145251,3030922.114,23951031.86,3.666280417,1951.340167,5988.343916,1.183588173
33Y2,30,1793.457463,4702.387163,3.093108554,192301.2532,4335.872134,2601.232711,7674.134418,1.735787947,34233.37006,1517.902345,6766411.617,58892339.07,3.012959796,3772.830835,12523.92392,0.974087958
33Y2,40,2172.426931,5750.598121,3.062072494,189566.1294,4323.002088,1636.186223,3605.552582,2.001639359,31672.88746,1610.596398,2677105.356,13000009.42,4.006560125,1232.310886,2260.63605,1.308447182
33Y2,50,2667.857745,7148.152792,3.008288465,190358.255,4339.390411,4183.076536,11896.02571,1.937952502,33648.62241,1643.45593,17498129.31,141515427.8,3.755659901,6558.868942,19797.48222,1.248437424
33Y2,60,3140.978506,7933.318833,2.779068502,188239.9181,4400.532753,3984.632235,12068.90729,1.978744159,31887.14872,1622.221626,15877294.05,145658523.1,3.915428448,5054.887839,18360.35159,1.408899581
33Y2,70,3598.803227,8846.216554,2.62376464,186818.9651,4450.994274,3019.334786,8904.227253,0.956235475,30734.07167,1780.606707,9116382.551,79285262.97,0.914386283,2533.170605,8962.618367,0.348501641
33Y2,80,4060.370798,9437.270447,2.46988309,187263.0366,4511.943803,2873.620274,8044.607867,0.861282361,31988.02962,1979.129225,8257693.477,64715715.74,0.741807305,2033.72891,6857.46118,0.30034106
33Y2,90,4918.267677,10556.9298,2.231596577,188176.0323,4568.322222,5274.317217,15722.56365,0.756543094,34112.79315,2027.587432,27818422.1,247199007.7,0.572357454,5656.142352,23415.80483,0.256478908
33Y2,100,5100.859784,10251.74679,2.085107082,187368.3328,4552.040575,3179.472304,7900.928835,0.692206684,32460.11957,1942.777058,10109044.13,62424676.45,0.479150094,1981.831409,6089.174628,0.229796397
33Y2,110,5917.186807,10768.60844,1.887331201,187426.0433,4753.060686,4025.185513,8892.779129,0.625195485,33379.62584,2304.348775,16202118.41,79081520.64,0.390869394,2738.145497,7343.708434,0.207101644
33Y2,120,6755.643257,11153.59237,1.694749254,185866.683,4865.726718,4084.237604,9969.355083,0.596060468,32601.75373,2274.093382,16680996.8,99388040.78,0.355288082,2469.194445,8910.854684,0.2096405
33Y2,150,9043.217182,11472.17182,1.322268534,185504.6489,5242.34952,6158.924526,12225.90937,0.742124961,32131.06875,3187.135905,37932351.31,149472859.8,0.550749458,4194.563787,13029.16851,0.416518615
33Y2,180,11436.93481,11766.4903,1.077825943,187204.4138,5591.573815,7235.287678,13086.74494,0.523358381,34394.28063,3713.597061,52349387.78,171262893.1,0.273903995,4577.22184,14555.13825,0.25412637
33Y2,210,14453.42231,11650.76504,0.862664725,183614.2356,5749.067669,10625.14,18782.42497,0.552412652,29010.92343,3931.378407,112893600,352779487.9,0.305159738,7810.855977,30279.5127,0.353740833
33Y2,240,19198.46098,12063.25285,0.75242228,185255.7528,6273.52439,18515.93097,22208.83985,0.520053336,31121.6538,4440.078764,342839699.6,493232567.7,0.270455472,17857.66578,40887.19469,0.35944639
wt1,-20,1750.844307,3842.279817,2.69432849,183621.4916,4780.777388,2190.525547,5082.467606,2.274308424,30470.75784,2020.691287,4798402.173,25831476.97,5.172478806,2740.621856,6722.955693,1.919765472
wt1,0,1584.058908,3747.681992,2.787186436,185969.7778,4289.858238,4487.673288,14405.692,4.628282436,29587.5634,1644.736057,20139211.54,207523962.1,21.42099831,12713.67589,55373.95183,7.685527611
wt1,2,1129.549906,2387.281073,2.801652493,187282.0791,4177.572976,1358.435911,3254.671903,3.68724664,30237.01434,1495.575574,1845348.124,10592889.2,13.59578779,1633.702163,4437.21911,4.852774503
wt1,5,1070.047619,2279.401154,2.807104963,187978.6205,4214.224627,835.338108,2120.080757,2.95177865,31236.14563,1608.366993,697789.7547,4494742.415,8.712997196,652.1109363,1971.896174,3.103908586
wt1,10,1134.922127,2454.867521,2.837574974,187597.189,4192.2132,1356.982596,3548.094493,3.694078464,31599.21008,1428.586048,1841401.765,12588974.53,13.64621569,1622.491729,5128.168597,4.809111943
wt1,15,1198.950314,2748.595273,3.073157494,188510.8423,4189.517125,1498.656128,4351.839964,4.600298384,32274.88592,1386.102406,2245970.189,18938511.08,21.16274523,1873.280455,6890.250909,6.886319776
wt1,20,1350.794922,3225.660645,3.038423359,189036,4214.480469,1605.117438,4184.137815,2.685467317,33258.94821,1335.641907,2576401.991,17507009.26,7.211734711,1907.322829,5427.41819,2.373512134
wt1,25,1445.573417,3649.910749,3.232743829,190267.4549,4182.65739,1439.904974,4096.554536,3.726812734,33271.72858,1395.10386,2073326.335,16781759.07,13.88913315,1434.258759,4597.854639,4.296391513
wt1,30,1645.778253,4312.203229,3.093869617,189234.811,4223.852802,1147.678173,3165.173692,1.923823486,31733.86462,1865.116463,1317165.189,10018324.5,3.701096805,800.3296843,2323.249616,1.196267866
wt1,40,2171.369712,5818.53125,3.095400898,190026.8308,4296.112981,1983.445892,6504.89621,1.903408236,33071.51701,1424.685105,3934057.608,42313674.7,3.622962912,1811.786167,7272.22608,1.170434148
wt1,50,2843.270386,7196.844063,2.788870364,189933.6881,4246.379113,1926.21065,4689.712267,1.130492967,33701.40494,1499.685623,3710287.468,21993401.14,1.278014349,1304.936557,3055.978558,0.458255201
wt1,60,3638.614464,8839.134579,2.605689666,190118.7433,4239.922893,1912.014947,4600.359131,0.913846438,33453.29318,1542.619852,3655801.158,21163304.14,0.835115311,1004.723417,2394.273325,0.320496843
wt1,70,4498.318533,10208.73793,2.395135243,190173.4054,4068.257722,2145.404899,5039.716698,0.785619748,34647.10848,1465.307396,4602762.181,25398744.39,0.617198389,1023.218375,2487.941659,0.257688325
wt1,80,5593.600569,11724.77135,2.164074616,189412.797,4064.950664,2663.114832,6105.90852,0.673144977,33542.06387,1669.201388,7092180.607,37282118.86,0.45312416,1267.909734,3179.773639,0.209384721
wt1,90,7050,13909.04125,2.003753128,190885.3871,4110.325659,3310.665914,7814.571541,0.6037071,36754.33754,1962.276229,10960508.8,61067528.36,0.364462263,1554.682099,4390.491572,0.181889804
wt1,110,10132.02611,16469.80996,1.64505091,188421.942,4149.125242,4625.713195,8875.408906,0.495669028,34665.09881,2114.578768,21397222.56,78772883.25,0.245687785,2111.840448,4782.865342,0.149349655
wt1,120,12691.0122,17547.59248,1.434224102,188332.748,4254.889228,6604.190566,9786.222504,0.510019253,33698.76463,2008.900807,43615333.03,95770150.9,0.260119638,3436.710356,5457.737351,0.181366104
wt1,150,20532.66056,20136.11744,1.000519962,187681.2369,4272.906343,10795.76384,16735.71053,0.469356969,33907.37054,1993.052711,116548517,280084006.8,0.220295964,5676.250122,13909.53383,0.220181478
wt1,180,40254.59289,18101.64559,0.497056583,191335.5468,5308.650856,34688.45043,38914.73846,0.523115485,34348.7464,3471.812516,1203288593,1514356869,0.273649811,29891.95784,83658.51946,0.550540563
wt1,210,43730.58074,17610.88021,0.474950916,187099.3177,4888.742229,28448.59367,14925.75849,0.411361994,32391.68738,3466.373152,809322481.7,222778266.5,0.16921869,18507.01427,12650.03588,0.35628669
wt1,240,52353.95746,17041.2769,0.437933493,188737.1209,4987.17598,40573.56063,18261.18425,0.460914159,33435.7353,3546.15317,1646213822,333470850.1,0.212441862,31443.92328,19568.41921,0.48510074
wt2,-20,2961.81703,6868.443487,2.505598304,181486.224,5537.716168,5246.743933,14619.81025,1.724518576,27259.61053,2409.694053,27528321.9,213738851.8,2.973964319,9294.403273,31118.96491,1.186927815
wt2,0,1869.417078,4498.316387,2.742427246,185318.7285,4781.789733,5147.065935,15379.6325,2.991997139,30654.29906,2001.506533,26492287.74,236533096,8.95204688,14171.41635,52582.58326,3.264278713
wt2,2,1773.563201,4158.711009,2.695150011,183472.4077,5064.029562,4859.852606,14578.63912,3.235077399,28974.31434,2254.39245,23618167.35,212536718.6,10.46572578,13316.78924,51106.39284,3.883170041
wt2,5,1930.335813,4619.594742,2.784234832,184665.3968,5134.325893,5409.279946,16218.31306,2.589883304,30254.07122,2322.099757,29260309.54,263033678.5,6.707495531,15158.14468,56938.69121,2.409098347
wt2,10,1566.566842,3788.024211,2.870156399,186007.9832,5101.864211,3798.594653,11644.47706,2.227124441,30884.28814,2082.675858,14429321.34,135593845.9,4.960083274,9210.791999,35795.40108,1.728157837
wt2,15,1952.308485,4876.535066,3.039065472,184275.8058,5277.626778,5260.021364,16771.43317,3.738312165,27989.99287,2281.470843,27667824.75,281280970.5,13.97497785,14171.8509,57680.49787,4.598445797
wt2,20,1970.882766,5017.350701,3.00629637,185222.9259,5221.708918,4216.531703,12144.66981,2.199469536,30178.15695,2101.309966,17779139.6,147493004.7,4.837666238,9020.901654,29396.59065,1.609178086
wt2,25,2038.751215,5347.460155,3.167575392,186507.3197,5056.634111,3494.552591,9168.382537,4.054628208,30954.05839,2250.197073,12211897.81,84059238.34,16.4400099,5989.891128,15719.46978,5.190092695
wt2,30,2320.024558,6342.944499,3.047705045,187637.4381,4921.14391,4641.545476,14823.81376,1.588480531,32844.82813,1875.596955,21543944.4,219745454.5,2.523270396,9286.084635,34644.07651,0.827924737
wt2,40,3036.679803,7896.216749,2.851377075,188214.2266,5066.96601,3362.283384,9654.307749,1.387770384,32326.33794,2088.709294,11304949.56,93205658.12,1.925906638,3722.799336,11803.83734,0.675430358
wt2,50,4033.287187,9508.564556,2.464303416,186477.5886,4991.831615,3295.224552,9381.87568,0.938404196,31483.67697,2417.860526,10858504.85,88019591.28,0.880602434,2692.222087,9256.874764,0.357343349
wt2,60,5572.178213,11679.40964,2.105848752,188325.5261,4763.051707,5619.675889,17232.07212,0.719035351,33101.00167,2228.421454,31580757.1,296944309.5,0.517011837,5667.57844,25424.59925,0.245512331
wt2,70,6993.786312,12078.07632,1.757256396,187520.5672,4601.819301,4000.50641,9767.065947,0.63356151,31496.48899,2223.189816,16004051.53,95395577.21,0.401400187,2288.324352,7898.242626,0.228424371
wt2,80,9919.311753,14522.70568,1.459271783,188972.8765,4646.938745,6458.574648,16506.05285,0.584638137,33965.7616,2179.657069,41713186.48,272449780.8,0.341801751,4205.250074,18760.26319,0.234227616
wt2,90,13007.21801,16381.35824,1.290627495,187554.4565,4469.578813,7462.936509,18188.51417,0.531044512,33346.79259,2024.82268,55695421.33,330822047.6,0.282008274,4281.88574,20195.03162,0.218504777
wt2,100,17099.47096,19313.17321,1.136043557,187460.0523,4529.689168,9283.065122,18905.42426,0.482882633,33550.76423,2369.821367,86175298.06,357415066.3,0.233175637,5039.647032,18506.28389,0.205252374
wt2,110,20161.89428,21828.94932,1.094893834,185288.7542,4527.582561,11484.38526,23169.26078,0.539000299,31035.34924,2386.302988,131891104.7,536814645.2,0.290521322,6541.602831,24591.86823,0.265342002
wt2,120,20320.88832,20825.77834,1.100375284,186911.3469,4592.660998,12683.58853,19106.35306,0.578819947,32311.77211,2448.059438,160873418.1,365052727.4,0.335032531,7916.652831,17528.88758,0.304471153
wt2,150,29580.55424,18176.16226,0.638950738,188221.8414,5116.703737,20741.23914,23744.60177,0.498454287,32267.48491,2473.085487,430199001,563806113.4,0.248456676,14543.30428,31018.98549,0.388851067
wt2,180,30952.30382,19357.8941,0.670612364,186766.2222,4476.296296,16541.73193,15770.2115,0.476708127,32497.34352,2489.64384,273628895.3,248699570.8,0.227250638,8840.340187,12847.4497,0.338870338
wt2,210,49015.95492,14210.96448,0.363347451,186798.8634,6034.394809,42432.729,25530.43541,0.500787978,32625.82353,3948.063258,1800536490,651803132.1,0.250788599,36733.68178,45866.21358,0.690217031
wt2,240,57675.56951,13648.68759,0.411227287,185924.1136,6804.502242,56802.99101,26174.8416,0.695099264,31356.98035,5011.926413,3226579788,685122332.8,0.483162987,55943.61383,50196.93858,1.174929297